,Normal_Avg,Suspicious_Avg
TransactionAmount,293.26243803331977,506.60215686274506
LoginAttempts,1.0723283218203983,3.6470588235294117
TransactionDuration,119.14750101584721,143.5686274509804
CustomerAge,44.56318569687119,50.01960784313726
